City_ID,City,Country,Date,Lat,Lng,Max Temp,Humidity,Cloudiness,Wind Speed
0,Ushuaia,AR,2022-07-14 06:17:38,-54.8,-68.3,31.66,80,20,2.3
1,Vila Franca Do Campo,PT,2022-07-14 06:19:09,37.7167,-25.4333,68.2,88,90,10.18
2,Vaini,TO,2022-07-14 06:19:09,-21.2,-175.2,76.57,86,0,16.67
3,Oum Hadjer,TD,2022-07-14 06:19:09,13.2954,19.6966,77.09,74,100,7.4
4,Ponta Do Sol,PT,2022-07-14 06:19:10,32.6667,-17.1,66.7,75,17,0.76
5,Dapaong,TG,2022-07-14 06:19:10,10.8639,0.205,73.56,86,85,7.76
6,Hambantota,LK,2022-07-14 06:19:10,6.1241,81.1185,87.24,60,37,24.81
7,Sitka,US,2022-07-14 06:19:11,57.0531,-135.33,53.49,94,100,9.22
8,Port Macquarie,AU,2022-07-14 06:19:11,-31.4333,152.9167,58.89,83,60,17.4
9,Clyde River,CA,2022-07-14 06:19:11,70.4692,-68.5914,32.23,100,0,5.75
10,Igarka,RU,2022-07-14 06:19:12,67.4667,86.5833,60.26,45,79,4.7
11,Sorland,NO,2022-07-14 06:19:12,67.667,12.6934,53.46,87,75,6.91
12,Camacupa,AO,2022-07-14 06:19:12,-12.0167,17.4833,49.57,61,2,3.85
13,Launceston,AU,2022-07-14 06:14:34,-41.45,147.1667,51.44,64,30,8.05
14,Avarua,CK,2022-07-14 06:16:50,-21.2078,-159.775,73.45,68,100,9.22
15,Albany,US,2022-07-14 06:18:16,42.6001,-73.9662,66.16,90,66,3.4
16,Cape Town,ZA,2022-07-14 06:15:36,-33.9258,18.4232,57.88,96,100,6.91
17,Naze,JP,2022-07-14 06:15:14,28.3667,129.4833,86.92,78,99,10.54
18,Hasaki,JP,2022-07-14 06:19:13,35.7333,140.8333,73.8,84,100,10.8
19,Saldanha,ZA,2022-07-14 06:19:14,-33.0117,17.9442,56.43,93,96,7.14
20,Hilo,US,2022-07-14 06:19:14,19.7297,-155.09,75.27,94,100,4.61
21,Sao Joao Da Barra,BR,2022-07-14 06:19:14,-21.6403,-41.0511,68.45,94,27,4.76
22,Toktogul,KG,2022-07-14 06:19:15,41.8708,72.9402,73.35,48,0,3.27
23,San Policarpo,PH,2022-07-14 06:19:15,12.1791,125.5072,85.77,69,31,6.96
24,North Bend,US,2022-07-14 06:14:44,43.4065,-124.2243,57.16,95,100,5.75
25,Banjar,ID,2022-07-14 06:15:36,-8.19,114.9675,82.4,76,53,2.62
26,San Vicente,AR,2022-07-14 06:19:16,-26.6167,-54.1333,58.86,98,91,4.09
27,Georgetown,MY,2022-07-14 06:19:16,5.4112,100.3354,88.9,75,20,6.91
28,Chokurdakh,RU,2022-07-14 06:19:16,70.6333,147.9167,59.38,37,25,9.13
29,Portree,GB,2022-07-14 06:19:17,57.4129,-6.1942,51.53,94,84,3.4
30,Punta Arenas,CL,2022-07-14 06:17:30,-53.15,-70.9167,35.71,80,75,12.66
31,Matadi,CD,2022-07-14 06:19:17,-5.8167,13.45,67.91,92,66,1.99
32,Klaksvik,FO,2022-07-14 06:19:17,62.2266,-6.589,49.12,79,90,9.35
33,Harlingen,US,2022-07-14 06:16:50,26.1906,-97.6961,81.9,91,0,6.91
34,Rikitea,PF,2022-07-14 06:19:18,-23.1203,-134.9692,70.43,82,100,8.1
35,Qingdao,CN,2022-07-14 06:19:18,36.0986,120.3719,89.2,74,40,8.95
36,Dillon,US,2022-07-14 06:15:43,34.4166,-79.3712,77.25,98,100,4.79
37,Bluff,NZ,2022-07-14 06:19:19,-46.6,168.3333,40.8,71,38,8.08
38,Portland,US,2022-07-14 06:17:26,45.5234,-122.6762,67.41,73,0,4.61
39,Kavaratti,IN,2022-07-14 06:19:19,10.5669,72.642,81.27,84,100,21.23
40,Atherton,GB,2022-07-14 06:19:19,53.5237,-2.4935,61.21,86,85,4.0
41,Lebu,CL,2022-07-14 06:17:58,-37.6167,-73.65,41.45,88,27,9.26
42,Puerto Escondido,MX,2022-07-14 06:16:50,15.85,-97.0667,78.98,85,95,4.29
43,Tuktoyaktuk,CA,2022-07-14 06:19:20,69.4541,-133.0374,36.39,94,100,21.39
44,Bengkulu,ID,2022-07-14 06:19:20,-3.8004,102.2655,85.32,72,38,6.85
45,Farafangana,MG,2022-07-14 06:19:20,-22.8167,47.8333,68.59,81,89,5.48
46,Port Elizabeth,ZA,2022-07-14 06:15:23,-33.918,25.5701,60.1,77,40,26.46
47,Kahului,US,2022-07-14 06:20:21,20.8947,-156.47,78.84,81,0,13.8
48,Kingaroy,AU,2022-07-14 06:20:21,-26.5333,151.8333,56.88,55,3,9.08
49,Port Augusta,AU,2022-07-14 06:20:21,-32.5,137.7667,60.33,42,0,1.92
50,Peleduy,RU,2022-07-14 06:20:22,59.6289,112.7406,81.16,40,18,4.41
51,Daund,IN,2022-07-14 06:20:22,18.4667,74.6,76.05,82,100,17.02
52,Chuy,UY,2022-07-14 06:20:22,-33.6971,-53.4616,48.67,89,18,6.44
53,Hermanus,ZA,2022-07-14 06:20:23,-34.4187,19.2345,56.8,90,90,12.41
54,Kutum,SD,2022-07-14 06:20:23,14.2,24.6667,74.62,64,98,7.09
55,Puerto Ayora,EC,2022-07-14 06:20:23,-0.7393,-90.3518,70.56,91,76,5.01
56,Cabo San Lucas,MX,2022-07-14 06:16:41,22.8909,-109.9124,85.6,57,8,7.11
57,Avera,US,2022-07-14 06:20:24,33.194,-82.5271,71.11,91,88,6.49
58,South Lake Tahoe,US,2022-07-14 06:20:24,38.9332,-119.9844,62.26,49,0,3.44
59,Ko Samui,TH,2022-07-14 06:20:24,9.5357,99.9357,87.71,66,20,6.91
60,Coquimbo,CL,2022-07-14 06:20:25,-29.9533,-71.3436,53.33,100,100,2.3
61,Yellowknife,CA,2022-07-14 06:15:47,62.456,-114.3525,57.72,88,75,8.05
62,College,US,2022-07-14 06:18:13,64.8569,-147.8028,65.21,65,75,6.91
63,Agua Verde,MX,2022-07-14 06:20:26,22.9,-106.05,82.49,83,93,5.7
64,Saint-Philippe,RE,2022-07-14 06:20:26,-21.3585,55.7679,74.21,80,52,12.62
65,Nome,US,2022-07-14 06:20:26,64.5011,-165.4064,63.16,71,0,9.22
66,Mataura,NZ,2022-07-14 06:20:26,-46.1927,168.8643,40.48,98,47,2.01
67,Ribeira Grande,PT,2022-07-14 06:20:27,38.5167,-28.7,68.4,83,20,2.3
68,Atuona,PF,2022-07-14 06:20:27,-9.8,-139.0333,77.94,72,15,19.33
69,West Bay,KY,2022-07-14 06:19:28,19.3667,-81.4167,82.99,87,12,1.01
70,Nanortalik,GL,2022-07-14 06:20:27,60.1432,-45.2371,47.32,74,100,11.3
71,Lata,PT,2022-07-14 06:20:28,40.1629,-8.3327,77.07,29,43,4.16
72,Gurh,IN,2022-07-14 06:20:28,24.5167,81.5167,97.68,38,9,19.91
73,Longyearbyen,SJ,2022-07-14 06:20:28,78.2186,15.6401,51.64,82,40,5.75
74,Thompson,CA,2022-07-14 06:20:29,55.7435,-97.8558,68.16,64,20,5.75
75,Busselton,AU,2022-07-14 06:20:29,-33.65,115.3333,63.28,71,52,23.8
76,Arraial Do Cabo,BR,2022-07-14 06:20:29,-22.9661,-42.0278,70.32,89,51,13.82
77,Sabang,ID,2022-07-14 06:20:30,5.8933,95.3214,82.63,79,85,16.73
78,Malazgirt,TR,2022-07-14 06:20:30,39.1427,42.5401,76.32,36,0,5.17
79,Lafia,NG,2022-07-14 06:20:30,8.4833,8.5167,73.51,97,100,4.9
80,Butaritari,KI,2022-07-14 06:20:31,3.0707,172.7902,81.52,81,22,17.25
81,Itoman,JP,2022-07-14 06:18:17,26.1247,127.6694,89.62,79,40,8.05
82,Ambon,ID,2022-07-14 06:20:31,-3.6954,128.1814,77.14,94,75,4.61
83,Neuquen,AR,2022-07-14 06:20:31,-38.9516,-68.0591,39.09,81,0,8.95
84,Hay River,CA,2022-07-14 06:20:32,60.8156,-115.7999,58.98,63,79,9.22
85,Haines Junction,CA,2022-07-14 06:20:32,60.7522,-137.5108,53.55,66,45,5.75
86,Nantucket,US,2022-07-14 06:16:45,41.2835,-70.0995,71.71,100,0,4.61
87,Hithadhoo,MV,2022-07-14 06:20:32,-0.6,73.0833,83.48,73,30,12.21
88,Namatanai,PG,2022-07-14 06:20:33,-3.6667,152.4333,81.32,80,100,5.93
89,Saskylakh,RU,2022-07-14 06:20:33,71.9167,114.0833,49.77,59,100,10.49
90,Shimoda,JP,2022-07-14 06:20:33,34.6667,138.95,80.1,87,100,9.37
91,Katsuura,JP,2022-07-14 06:20:33,35.1333,140.3,76.95,88,100,8.93
92,New Norfolk,AU,2022-07-14 06:20:34,-42.7826,147.0587,51.71,83,100,2.75
93,Yulara,AU,2022-07-14 06:21:34,-25.2406,130.9889,65.12,26,1,15.14
94,Yerbogachen,RU,2022-07-14 06:21:35,61.2767,108.0108,66.34,40,100,6.2
95,Itapuranga,BR,2022-07-14 06:21:35,-15.5622,-49.9486,64.24,44,88,4.88
96,Southbridge,US,2022-07-14 06:21:35,42.0751,-72.0334,68.52,94,41,1.01
97,Qaqortoq,GL,2022-07-14 06:21:36,60.7167,-46.0333,48.34,63,100,7.02
98,Sao Goncalo Do Sapucai,BR,2022-07-14 06:21:36,-21.8922,-45.5953,56.03,94,4,2.82
99,Phayao,TH,2022-07-14 06:21:36,19.25,100.25,84.43,66,100,2.1
100,Labuan,MY,2022-07-14 06:21:36,5.2767,115.2417,86.36,70,20,4.61
101,Grand Gaube,MU,2022-07-14 06:21:37,-20.0064,57.6608,72.0,72,90,11.99
102,Kamen-Na-Obi,RU,2022-07-14 06:21:37,53.7884,81.3423,71.13,36,25,3.27
103,Nurota,UZ,2022-07-14 06:21:37,40.5614,65.6886,92.52,16,0,22.44
104,Hobart,AU,2022-07-14 06:20:24,-42.8794,147.3294,52.05,78,75,6.91
105,Menongue,AO,2022-07-14 06:21:38,-14.6585,17.691,48.78,60,1,3.53
106,Kyra,RU,2022-07-14 06:21:38,49.5776,111.9753,79.86,39,53,7.14
107,Lotofaga,WS,2022-07-14 06:21:38,-13.9764,-171.8578,79.79,79,28,22.86
108,Mahebourg,MU,2022-07-14 06:21:39,-20.4081,57.7,71.89,73,75,18.41
109,Salinopolis,BR,2022-07-14 06:21:39,-0.6136,-47.3561,78.37,86,83,12.21
110,Lavrentiya,RU,2022-07-14 06:21:40,65.5833,-171.0,51.55,68,23,6.46
111,Lompoc,US,2022-07-14 06:19:05,34.6391,-120.4579,59.14,87,100,11.01
112,Barrow,US,2022-07-14 06:21:40,71.2906,-156.7887,39.22,81,20,10.36
113,Hofn,IS,2022-07-14 06:21:41,64.2539,-15.2082,50.72,76,87,2.44
114,Samarai,PG,2022-07-14 06:21:41,-10.6167,150.6667,77.47,74,100,19.42
115,Castro,BR,2022-07-14 06:21:41,-24.7911,-50.0119,52.52,95,100,9.53
116,Aguas Vermelhas,BR,2022-07-14 06:21:42,-15.7472,-41.46,54.84,97,94,3.33
117,Flinders,AU,2022-07-14 06:21:42,-34.5833,150.8552,57.38,63,85,8.01
118,Tigil,RU,2022-07-14 06:21:42,57.8,158.6667,74.05,50,33,14.38
119,Ilheus,BR,2022-07-14 06:21:42,-14.7889,-39.0494,67.33,94,45,4.61
120,Calabozo,VE,2022-07-14 06:21:43,8.9242,-67.4293,72.21,84,76,5.08
121,San Patricio,US,2022-07-14 06:21:43,28.017,-97.5169,84.09,81,19,10.16
122,Esso,RU,2022-07-14 06:21:43,55.9333,158.7,79.02,37,83,10.47
123,Isangel,VU,2022-07-14 06:21:44,-19.55,169.2667,80.71,83,75,6.91
124,Port Alfred,ZA,2022-07-14 06:21:44,-33.5906,26.891,57.18,61,30,4.0
125,Namibe,AO,2022-07-14 06:21:44,-15.1961,12.1522,63.05,88,0,0.43
126,Gorontalo,ID,2022-07-14 06:21:45,0.5412,123.0595,81.34,88,91,3.18
127,Qaanaaq,GL,2022-07-14 06:21:45,77.484,-69.3632,40.3,93,100,5.64
128,Kodiak,US,2022-07-14 06:21:45,57.79,-152.4072,56.71,82,100,4.61
129,Dingle,PH,2022-07-14 06:21:45,10.9995,122.6711,87.37,70,43,5.32
130,Kapaa,US,2022-07-14 06:21:46,22.0752,-159.319,82.38,86,75,16.11
131,Severo-Kurilsk,RU,2022-07-14 06:21:46,50.6789,156.125,54.3,95,98,5.08
132,Bandiagara,ML,2022-07-14 06:21:46,14.3501,-3.6104,79.63,65,100,10.92
133,Acarau,BR,2022-07-14 06:21:47,-2.8856,-40.12,78.37,80,5,15.28
134,Bredasdorp,ZA,2022-07-14 06:21:47,-34.5322,20.0403,56.91,86,74,10.22
135,Yate,GB,2022-07-14 06:21:47,51.5407,-2.4184,59.54,77,21,1.01
136,Pevek,RU,2022-07-14 06:21:48,69.7008,170.3133,37.31,79,82,19.8
137,Saint-Francois,FR,2022-07-14 06:21:48,46.4154,3.9054,65.68,72,0,3.44
138,Wukari,NG,2022-07-14 06:21:48,7.85,9.7833,72.55,95,100,6.6
139,Jamestown,US,2022-07-14 06:21:57,42.097,-79.2353,62.24,90,40,4.61
140,Okhotsk,RU,2022-07-14 06:22:49,59.3833,143.3,68.0,83,73,8.93
141,Cartagena,CO,2022-07-14 06:21:45,10.3997,-75.5144,78.42,94,0,3.44
142,Sept-Iles,CA,2022-07-14 06:22:49,50.2001,-66.3821,51.06,87,0,2.3
143,Tilichiki,RU,2022-07-14 06:22:50,60.4667,166.1,68.92,67,18,5.17
144,Guerrero Negro,MX,2022-07-14 06:22:50,27.9769,-114.0611,64.92,86,2,12.62
145,Kyabe,TD,2022-07-14 06:22:50,9.4515,18.9449,71.58,89,98,2.51
146,Flin Flon,CA,2022-07-14 06:22:50,54.7682,-101.865,68.83,79,100,11.18
147,Maasin,PH,2022-07-14 06:22:51,10.1336,124.8447,87.96,77,37,1.99
148,Kudahuvadhoo,MV,2022-07-14 06:22:51,2.6708,72.8944,82.47,75,25,10.49
149,Udachnyy,RU,2022-07-14 06:22:51,66.4167,112.4,64.45,45,34,8.19
150,Aklavik,CA,2022-07-14 06:22:52,68.2191,-135.0107,37.36,89,100,20.98
151,Tihemetsa,EE,2022-07-14 06:22:52,58.1462,25.0459,61.88,93,97,6.02
152,Xuddur,SO,2022-07-14 06:22:52,4.1213,43.8894,75.07,68,100,23.09
153,Touros,BR,2022-07-14 06:22:53,-5.1989,-35.4608,72.97,91,17,11.36
154,Saint George,US,2022-07-14 06:21:01,37.1041,-113.5841,91.99,25,0,6.91
155,Inyonga,TZ,2022-07-14 06:22:53,-6.7167,32.0667,65.03,50,2,7.38
156,Newport Beach,US,2022-07-14 06:22:12,33.6189,-117.9289,70.16,87,20,3.44
157,Kiruna,SE,2022-07-14 06:22:53,67.8557,20.2251,56.32,88,100,4.61
158,Areka,ET,2022-07-14 06:22:54,7.0667,37.7,61.14,85,98,1.25
159,Jinzhou,CN,2022-07-14 06:22:54,41.1078,121.1417,88.41,38,6,8.23
160,Vardo,NO,2022-07-14 06:22:54,70.3705,31.1107,51.78,100,100,6.91
161,Suntar,RU,2022-07-14 06:22:54,62.1444,117.6319,78.35,47,47,4.47
162,Caravelas,BR,2022-07-14 06:22:55,-17.7125,-39.2481,69.31,90,19,2.35
163,Qandala,SO,2022-07-14 06:22:55,11.472,49.8728,93.56,38,62,26.87
164,Codrington,AU,2022-07-14 06:22:55,-38.2667,141.9667,56.16,67,72,3.53
165,Kavieng,PG,2022-07-14 06:22:56,-2.5744,150.7967,80.82,81,100,12.3
166,Sonoita,MX,2022-07-14 06:22:56,31.85,-112.8333,91.8,36,71,6.6
167,Sterling,US,2022-07-14 06:22:56,39.0062,-77.4286,74.19,92,75,5.01
168,Kasongo-Lunda,CD,2022-07-14 06:22:56,-6.4667,16.8167,66.42,44,5,1.92
169,Svetlogorsk,BY,2022-07-14 06:22:57,52.6333,29.7333,60.73,84,90,9.37
170,Lingao,CN,2022-07-14 06:22:57,19.9103,109.6859,87.37,74,47,13.31
171,Mayo,US,2022-07-14 06:22:57,38.8876,-76.5119,78.01,85,0,3.44
172,Cherskiy,RU,2022-07-14 06:22:58,68.75,161.3,48.02,59,36,21.63
173,Kenai,US,2022-07-14 06:20:01,60.5544,-151.2583,59.02,83,100,13.8
174,Torbay,CA,2022-07-14 06:22:58,47.6666,-52.7314,65.57,91,100,17.27
175,Havoysund,NO,2022-07-14 06:22:58,70.9963,24.6622,55.63,95,100,6.31
176,Tasiilaq,GL,2022-07-14 06:22:59,65.6145,-37.6368,37.31,77,27,5.48
177,Hwange,ZW,2022-07-14 06:22:59,-18.3693,26.5019,59.07,49,17,2.1
178,Calvinia,ZA,2022-07-14 06:22:59,-31.4707,19.776,46.47,86,93,3.11
179,Faya,SA,2022-07-14 06:23:00,18.3851,42.4509,77.52,23,84,11.45
180,Ahipara,NZ,2022-07-14 06:23:00,-35.1667,173.1667,56.39,95,100,19.01
181,Honningsvag,NO,2022-07-14 06:23:00,70.9821,25.9704,55.15,94,75,0.0
182,Usogorsk,RU,2022-07-14 06:23:00,63.4106,48.6872,76.6,57,98,11.23
183,Los Llanos De Aridane,ES,2022-07-14 06:18:45,28.6585,-17.9182,64.15,75,20,4.61
184,Toamasina,MG,2022-07-14 06:23:01,-18.1667,49.3833,69.8,83,75,9.22
185,Gat,IL,2022-07-14 06:24:01,31.61,34.7642,81.28,100,8,6.11
186,Ust-Kuyga,RU,2022-07-14 06:24:01,70.0167,135.6,68.23,44,79,4.54
187,Tucumcari,US,2022-07-14 06:24:02,35.1717,-103.725,75.04,53,0,4.61
188,Yumen,CN,2022-07-14 06:24:02,40.2833,97.2,79.81,26,100,5.08
189,Mayumba,GA,2022-07-14 06:24:02,-3.432,10.6554,69.08,88,82,6.4
190,General Roca,AR,2022-07-14 06:21:51,-39.0333,-67.5833,39.61,87,100,16.75
191,Poum,NC,2022-07-14 06:24:03,-20.2333,164.0167,73.89,61,99,17.36
192,Asfi,MA,2022-07-14 06:24:03,32.2994,-9.2372,70.3,83,2,10.29
193,Paragould,US,2022-07-14 06:24:03,36.0584,-90.4973,75.85,73,1,6.04
194,Dvinskoy,RU,2022-07-14 06:21:12,62.1535,45.1175,68.52,90,100,4.76
195,Norman Wells,CA,2022-07-14 06:24:04,65.282,-126.8329,53.64,87,100,13.8
196,Leningradskiy,RU,2022-07-14 06:24:04,69.3833,178.4167,37.36,81,88,8.61
197,Airai,TL,2022-07-14 06:24:04,-8.9266,125.4092,65.26,70,78,3.78
198,Provideniya,RU,2022-07-14 06:24:04,64.3833,-173.3,55.94,60,82,3.11
199,Camas,ES,2022-07-14 06:24:05,37.402,-6.0331,82.96,32,0,5.01
200,Vanimo,PG,2022-07-14 06:24:05,-2.6741,141.3028,82.33,73,100,4.45
201,Dharchula,IN,2022-07-14 06:24:05,29.85,80.5333,86.36,59,78,5.75
202,Atikokan,CA,2022-07-14 06:24:06,48.7555,-91.6216,55.33,76,65,3.51
203,Najran,SA,2022-07-14 06:24:06,17.4924,44.1277,84.85,19,90,9.93
204,Hami,CN,2022-07-14 06:24:06,42.8,93.45,91.6,18,57,10.8
205,Kaitangata,NZ,2022-07-14 06:24:07,-46.2817,169.8464,42.33,90,89,5.57
206,Bathsheba,BB,2022-07-14 06:24:07,13.2167,-59.5167,81.21,91,40,17.27
207,Nioro,GM,2022-07-14 06:24:07,13.35,-15.75,77.13,87,100,5.01
208,Kushima,JP,2022-07-14 06:24:08,31.4583,131.2333,89.69,58,75,11.23
209,Cururupu,BR,2022-07-14 06:24:08,-1.8283,-44.8683,74.77,92,48,4.74
210,Maniitsoq,GL,2022-07-14 06:24:08,65.4167,-52.9,44.15,75,3,8.48
211,Vestmannaeyjar,IS,2022-07-14 06:24:08,63.4427,-20.2734,50.02,80,100,9.48
212,Muros,ES,2022-07-14 06:24:09,42.7762,-9.0603,73.83,78,69,4.72
213,Prigorodnyy,RU,2022-07-14 06:24:09,51.7661,55.2665,84.36,51,40,8.95
214,Huescar,ES,2022-07-14 06:24:09,37.811,-2.5412,72.97,24,0,1.34
215,Pisco,PE,2022-07-14 06:24:10,-13.7,-76.2167,56.01,87,3,5.75
216,Bubaque,GW,2022-07-14 06:24:10,11.2833,-15.8333,79.72,83,100,10.42
217,Yarmouth,US,2022-07-14 06:24:10,41.7057,-70.2286,72.01,93,0,6.91
218,Tabou,CI,2022-07-14 06:24:11,4.423,-7.3528,75.04,81,98,6.91
219,Tuatapere,NZ,2022-07-14 06:24:11,-46.1333,167.6833,40.78,84,86,4.36
220,Xinpu,CN,2022-07-14 06:24:11,34.5997,119.1594,90.21,70,62,6.02
221,San Cristobal,VE,2022-07-14 06:24:11,7.7669,-72.225,64.24,94,40,2.66
222,Rio Grande,BR,2022-07-14 06:19:52,-32.035,-52.0986,50.95,87,24,14.97
223,Jalu,LY,2022-07-14 06:24:12,29.0331,21.5482,78.94,46,0,11.18
224,Faanui,PF,2022-07-14 06:24:12,-16.4833,-151.75,78.42,70,57,18.34
225,Lure,FR,2022-07-14 06:24:12,47.75,6.5,76.05,77,0,0.0
226,Sakakah,SA,2022-07-14 06:24:13,29.9697,40.2064,90.97,19,12,6.69
227,The Pas,CA,2022-07-14 06:24:13,53.8251,-101.2541,71.62,73,0,13.8
228,Mar Del Plata,AR,2022-07-14 06:24:13,-38.0023,-57.5575,47.88,84,0,15.01
229,Champerico,GT,2022-07-14 06:24:14,14.3,-91.9167,75.38,89,96,7.74
230,Evensk,RU,2022-07-14 06:24:14,61.95,159.2333,61.12,77,30,5.79
231,Socorro,US,2022-07-14 06:24:14,31.6546,-106.3033,85.21,35,20,8.05
232,Vung Tau,VN,2022-07-14 06:22:03,10.346,107.0843,83.89,74,100,16.24
233,Benguela,AO,2022-07-14 06:25:15,-12.5763,13.4055,67.84,89,5,1.54
234,Dhidhdhoo,MV,2022-07-14 06:25:15,6.8833,73.1,82.02,78,100,17.43
235,Alyangula,AU,2022-07-14 06:25:15,-13.8483,136.4192,72.32,58,37,17.38
236,Fallon,US,2022-07-14 06:21:17,39.4735,-118.7774,78.46,17,20,6.91
237,Chilca,PE,2022-07-14 06:25:16,-12.5211,-76.7372,58.95,85,28,9.86
238,Fortuna,US,2022-07-14 06:25:16,40.5982,-124.1573,57.65,88,100,3.0
239,Phultala,BD,2022-07-14 06:25:16,22.7,89.5167,93.11,55,66,19.84
240,Xining,CN,2022-07-14 06:23:55,36.6167,101.7667,71.49,62,100,3.15
241,Victoria,HK,2022-07-14 06:25:17,22.2855,114.1577,93.38,66,68,7.0
242,Tecolutla,MX,2022-07-14 06:25:17,20.4833,-97.0167,81.32,83,68,11.12
243,Usvyaty,RU,2022-07-14 06:25:17,55.7456,30.7533,57.92,92,100,5.7
244,Borehamwood,GB,2022-07-14 06:25:18,51.6547,-0.2776,63.23,70,0,4.61
245,Rocky Mountain House,CA,2022-07-14 06:25:18,52.3668,-114.9188,51.53,95,7,6.42
246,Ornskoldsvik,SE,2022-07-14 06:25:18,63.2909,18.7153,58.15,94,100,10.36
247,Krasnokamensk,RU,2022-07-14 06:25:19,50.0979,118.0369,68.92,76,100,11.5
248,Atar,MR,2022-07-14 06:25:19,20.5169,-13.0499,84.78,44,14,4.32
249,Talaya,RU,2022-07-14 06:25:19,61.3833,152.75,78.84,44,77,14.83
250,Port Lincoln,AU,2022-07-14 06:25:19,-34.7333,135.8667,57.88,62,7,9.4
251,Iqaluit,CA,2022-07-14 06:25:20,63.7506,-68.5145,40.73,86,75,0.0
252,Agalteca,HN,2022-07-14 06:25:20,14.45,-87.2667,72.93,97,87,1.52
253,Matara,LK,2022-07-14 06:25:21,5.9485,80.5353,84.16,70,15,14.45
254,Cam Ranh,VN,2022-07-14 06:25:21,11.9214,109.1591,87.76,70,20,10.36
255,Didsbury,GB,2022-07-14 06:25:21,53.417,-2.2315,61.48,82,76,1.99
256,Waddan,LY,2022-07-14 06:25:21,29.1614,16.139,72.79,66,0,5.7
257,Goderich,CA,2022-07-14 06:25:22,43.7501,-81.7165,58.91,93,3,1.14
258,Brownsville,US,2022-07-14 06:25:22,25.9018,-97.4975,81.91,86,0,5.75
259,Marau,BR,2022-07-14 06:25:22,-28.4492,-52.2,54.68,95,38,8.28
260,Dikson,RU,2022-07-14 06:25:23,73.5069,80.5464,41.95,78,96,7.47
261,Moose Factory,CA,2022-07-14 06:25:23,51.2585,-80.6094,44.6,100,0,4.61
262,Broken Hill,AU,2022-07-14 06:25:23,-31.95,141.4333,54.45,46,0,10.0
263,Tahta,EG,2022-07-14 06:25:24,26.7693,31.5021,78.17,44,13,18.72
264,Mengcheng,CN,2022-07-14 06:25:24,33.2579,116.5655,94.98,55,97,7.02
265,Sangar,RU,2022-07-14 06:25:24,63.9242,127.4739,65.86,93,100,3.31
266,Odienne,CI,2022-07-14 06:25:25,9.51,-7.5692,69.66,96,97,2.55
267,Bay Roberts,CA,2022-07-14 06:25:25,47.5999,-53.2648,66.33,93,96,7.0
268,Tiksi,RU,2022-07-14 06:25:25,71.6872,128.8694,44.47,82,79,6.73
269,Kristiansund,NO,2022-07-14 06:25:25,63.1115,7.732,50.05,93,75,16.11
270,Vila Velha,BR,2022-07-14 06:25:26,-20.3297,-40.2925,66.94,94,75,2.3
271,Groningen,NL,2022-07-14 06:25:26,53.25,6.75,62.04,80,37,2.3
272,Upernavik,GL,2022-07-14 06:26:26,72.7868,-56.1549,37.76,92,82,13.29
273,Bratsk,RU,2022-07-14 06:21:36,56.1325,101.6142,63.09,63,100,6.64
274,Mbanza-Ngungu,CD,2022-07-14 06:26:27,-5.25,14.8667,61.32,94,28,4.25
275,Gamba,GA,2022-07-14 06:26:27,-2.65,10.0,69.04,86,41,4.07
276,Hobyo,SO,2022-07-14 06:26:27,5.3505,48.5268,82.38,65,90,25.41
277,Poya,NC,2022-07-14 06:26:28,-21.35,165.15,70.63,70,97,9.89
278,Telford,GB,2022-07-14 06:26:28,52.6766,-2.4493,57.9,87,100,5.75
279,Shihezi,CN,2022-07-14 06:26:28,44.3,86.0333,90.37,15,1,11.95
280,Dabat,ET,2022-07-14 06:26:29,12.9842,37.765,54.01,90,100,4.09
281,Bonavista,CA,2022-07-14 06:26:29,48.6499,-53.1147,58.93,89,47,16.17
282,Grindavik,IS,2022-07-14 06:26:29,63.8424,-22.4338,46.87,93,75,8.05
283,Aden,YE,2022-07-14 06:26:29,12.7794,45.0367,84.9,73,100,18.88
284,Fare,PF,2022-07-14 06:26:30,-16.7,-151.0167,78.33,71,58,18.23
285,Rawson,AR,2022-07-14 06:26:30,-43.3002,-65.1023,43.09,64,100,7.56
286,Along,IN,2022-07-14 06:26:30,28.1667,94.7667,98.46,44,11,1.99
287,Port Hardy,CA,2022-07-14 06:25:02,50.6996,-127.4199,55.58,88,75,2.3
288,Oltu,TR,2022-07-14 06:26:31,40.5498,42.0013,65.68,74,90,5.32
289,Hirara,JP,2022-07-14 06:26:31,24.8,125.2833,89.87,74,75,16.11
290,Khatanga,RU,2022-07-14 06:26:31,71.9667,102.5,46.76,69,100,9.17
291,Aykhal,RU,2022-07-14 06:26:32,66.0,111.5,59.54,50,61,6.91
292,Maneadero,MX,2022-07-14 06:26:32,31.7167,-116.5667,66.09,85,36,3.0
293,Yuci,CN,2022-07-14 06:26:32,37.6803,112.7319,87.55,51,0,4.47
294,Plettenberg Bay,ZA,2022-07-14 06:26:32,-34.0527,23.3716,60.64,62,92,14.05
295,Ribeira Brava,PT,2022-07-14 06:26:33,32.65,-17.0667,66.7,76,12,0.81
296,Turukhansk,RU,2022-07-14 06:26:33,65.8167,87.9833,60.15,45,85,3.49
297,Baykit,RU,2022-07-14 06:26:33,61.67,96.37,63.64,57,76,2.21
298,Axim,GH,2022-07-14 06:26:34,4.8699,-2.2405,74.75,87,100,8.03
299,Shchelkun,RU,2022-07-14 06:26:34,56.3034,60.9483,83.77,52,2,2.82
300,Bethel,US,2022-07-14 06:26:34,41.3712,-73.414,72.64,82,20,4.61
301,Kathmandu,NP,2022-07-14 06:26:32,27.7167,85.3167,86.22,58,40,4.61
302,Padang,ID,2022-07-14 06:26:35,-0.9492,100.3543,89.65,75,63,5.99
303,Aswan,EG,2022-07-14 06:26:35,24.0934,32.907,87.33,29,67,17.94
304,Beloha,MG,2022-07-14 06:26:35,-25.1667,45.05,69.51,53,0,8.12
305,Geraldton,AU,2022-07-14 06:26:35,-28.7667,114.6,70.21,64,100,20.71
306,Pouebo,NC,2022-07-14 06:26:36,-20.4,164.5667,71.51,65,81,9.31
307,Ontario,US,2022-07-14 06:26:36,34.0633,-117.6509,80.4,65,40,11.5
308,New Iberia,US,2022-07-14 06:26:36,30.0035,-91.8187,80.67,89,0,3.44
309,Lorengau,PG,2022-07-14 06:22:57,-2.0226,147.2712,85.03,64,84,3.96
310,Zyryanka,RU,2022-07-14 06:26:37,65.75,150.85,72.57,54,59,16.98
311,East London,ZA,2022-07-14 06:26:37,-33.0153,27.9116,59.94,41,0,5.75
312,Helong,CN,2022-07-14 06:26:37,42.5397,128.9972,72.3,83,87,4.88
313,Olinda,BR,2022-07-14 06:26:38,-8.0089,-34.8553,73.13,94,75,4.61
314,Kendari,ID,2022-07-14 06:26:38,-3.945,122.4989,82.24,70,78,7.2
315,Truro,GB,2022-07-14 06:26:38,50.2653,-5.0544,61.88,82,0,9.22
316,Bongandanga,CD,2022-07-14 06:26:39,1.5,21.05,75.15,82,100,0.45
317,Bani Walid,LY,2022-07-14 06:26:39,31.7566,13.9942,73.18,65,0,1.32
318,Sampit,ID,2022-07-14 06:26:39,-2.5333,112.95,90.14,52,96,2.55
319,Mpika,ZM,2022-07-14 06:27:39,-11.8343,31.4529,59.54,62,4,8.5
320,Huarmey,PE,2022-07-14 06:27:40,-10.0681,-78.1522,60.66,87,95,10.0
321,Havre-Saint-Pierre,CA,2022-07-14 06:27:40,50.2334,-63.5986,50.0,100,0,3.44
322,Bridlington,GB,2022-07-14 06:27:40,54.0831,-0.1919,58.89,75,76,9.53
323,Margate,GB,2022-07-14 06:27:41,51.3813,1.3862,67.89,78,52,4.0
324,Poopo,BO,2022-07-14 06:27:41,-18.3667,-66.9667,33.4,15,13,2.06
325,Salalah,OM,2022-07-14 06:27:41,17.0151,54.0924,78.89,94,100,8.05
326,Estrela,BR,2022-07-14 06:27:41,-28.0611,-50.9383,49.33,97,100,7.85
327,Shellbrook,CA,2022-07-14 06:27:42,53.2168,-106.4011,70.83,68,100,9.95
328,Velsk,RU,2022-07-14 06:27:42,61.0701,42.0983,73.63,54,55,6.89
329,Thunder Bay,CA,2022-07-14 06:25:11,48.4001,-89.3168,51.78,93,0,3.44
330,Souillac,MU,2022-07-14 06:27:42,-20.5167,57.5167,71.98,73,75,18.41
331,Kismayo,SO,2022-07-14 06:27:43,-0.3582,42.5454,77.95,82,91,16.96
332,Kusu,JP,2022-07-14 06:27:43,33.2831,131.1514,81.01,79,86,9.95
333,Strejesti,RO,2022-07-14 06:27:43,44.5333,24.2667,72.57,33,0,4.72
334,Saint-Augustin,CA,2022-07-14 06:27:44,51.226,-58.6502,54.32,62,100,12.06
335,Lagoa,PT,2022-07-14 06:27:44,39.05,-27.9833,68.52,93,94,13.2
336,Bambanglipuro,ID,2022-07-14 06:27:44,-7.95,110.2833,83.8,72,98,15.1
337,Hamilton,US,2022-07-14 06:27:44,39.1834,-84.5333,72.45,89,75,4.61
338,Abu Zabad,SD,2022-07-14 06:27:45,12.35,29.25,78.17,71,96,10.49
339,Tromso,NO,2022-07-14 06:27:39,69.6496,18.957,60.39,88,75,2.3
340,Progreso,MX,2022-07-14 06:27:45,21.2833,-89.6667,82.51,77,100,10.54
341,Abu Samrah,SY,2022-07-14 06:27:45,35.3029,37.1841,83.01,34,0,11.52
342,Ingham,US,2022-07-14 06:27:46,42.6,-84.3833,60.98,89,0,0.0
343,Catamarca,AR,2022-07-14 06:27:46,-28.4696,-65.7852,66.58,51,0,1.99
344,Kobilja Glava,BA,2022-07-14 06:27:46,43.8819,18.3892,55.94,77,0,2.3
345,Kaduqli,SD,2022-07-14 06:27:47,11.0167,29.7167,77.54,74,100,4.68
346,Jeremie,HT,2022-07-14 06:27:47,18.65,-74.1167,79.25,82,13,3.94
347,Omsukchan,RU,2022-07-14 06:27:47,62.5333,155.8,70.23,66,44,14.32
348,Hornepayne,CA,2022-07-14 06:27:47,49.2138,-84.7705,49.15,68,14,1.1
349,Wattegama,LK,2022-07-14 06:27:48,6.7989,81.4808,95.59,33,28,10.47
350,Shu,KZ,2022-07-14 06:27:48,43.5983,73.7614,90.81,14,0,15.46
351,Pontes E Lacerda,BR,2022-07-14 06:27:48,-15.2261,-59.3353,67.05,54,68,2.33
352,Bytow,PL,2022-07-14 06:27:49,54.1706,17.4919,63.21,62,36,13.31
353,Balabac,PH,2022-07-14 06:27:49,7.9868,117.0645,84.02,75,99,17.36
354,Anadyr,RU,2022-07-14 06:27:49,64.75,177.4833,52.3,93,75,6.71
355,Liberty,US,2022-07-14 06:25:56,31.8335,-81.5004,79.99,95,86,1.99
356,Arlit,NE,2022-07-14 06:27:50,18.7369,7.3853,88.05,13,19,11.14
357,Raudeberg,NO,2022-07-14 06:27:50,61.9875,5.1352,50.67,77,100,8.72
358,Villanueva De La Serena,ES,2022-07-14 06:27:50,38.9766,-5.7974,80.44,21,0,1.97
359,Netrakona,BD,2022-07-14 06:27:50,24.8833,90.7167,95.58,52,2,6.55
360,Kalmunai,LK,2022-07-14 06:27:51,7.4167,81.8167,92.52,42,74,5.73
361,Agulu,NG,2022-07-14 06:27:51,6.11,7.0724,72.88,96,100,4.72
362,Saurimo,AO,2022-07-14 06:27:51,-9.6608,20.3916,58.89,46,1,7.31
363,Narsaq,GL,2022-07-14 06:27:52,60.9167,-46.05,50.22,60,100,5.79
364,Waitati,NZ,2022-07-14 06:27:52,-45.75,170.5667,45.81,78,78,5.06
365,Nikolskoye,RU,2022-07-14 06:27:52,59.7035,30.7861,71.49,59,77,10.33
366,Carnarvon,AU,2022-07-14 06:27:52,-24.8667,113.6333,73.94,63,2,9.22
367,Atambua,ID,2022-07-14 06:28:53,-9.1061,124.8925,77.86,60,59,3.33
368,Inhapim,BR,2022-07-14 06:28:53,-19.5492,-42.12,55.99,91,62,2.75
369,Cap Malheureux,MU,2022-07-14 06:28:53,-19.9842,57.6142,72.46,72,88,11.99
370,Rio Gallegos,AR,2022-07-14 06:25:02,-51.6226,-69.2181,32.05,93,75,10.36
371,Waingapu,ID,2022-07-14 06:28:54,-9.6567,120.2641,81.73,61,41,16.02
372,Daru,PG,2022-07-14 06:28:54,-9.0763,143.2092,77.22,70,86,16.02
373,Esperance,AU,2022-07-14 06:28:54,-33.8667,121.9,70.88,44,54,15.55
374,Ati,TD,2022-07-14 06:28:55,13.2154,18.3353,78.69,72,100,11.43
375,Tamandare,BR,2022-07-14 06:28:55,-8.7597,-35.1047,73.08,87,25,9.15
376,La Ronge,CA,2022-07-14 06:28:55,55.1001,-105.2842,68.25,60,75,11.5
377,Birjand,IR,2022-07-14 06:28:56,32.8663,59.2211,84.67,13,0,20.71
378,Kangaatsiaq,GL,2022-07-14 06:28:56,68.3065,-53.4641,37.6,97,62,12.03
379,General Pico,AR,2022-07-14 06:28:56,-35.6566,-63.7568,44.47,69,55,10.42
380,Vao,NC,2022-07-14 06:28:56,-22.6667,167.4833,71.82,66,97,27.89
381,Lere,NG,2022-07-14 06:28:57,10.387,8.5726,69.58,95,100,5.59
382,Prabumulih,ID,2022-07-14 06:28:57,-3.45,104.25,88.47,60,98,3.62
383,Urucara,BR,2022-07-14 06:28:57,-2.5364,-57.76,74.35,94,91,2.77
384,Buin,CL,2022-07-14 06:28:58,-33.7333,-70.75,51.73,80,100,4.5
385,Vilyuysk,RU,2022-07-14 06:28:58,63.7553,121.6247,80.85,45,14,6.71
386,Mount Isa,AU,2022-07-14 06:28:58,-20.7333,139.5,67.77,19,2,12.66
387,Lakhimpur,IN,2022-07-14 06:28:58,27.95,80.7667,103.03,34,52,14.83
388,Hue,VN,2022-07-14 06:24:44,16.4667,107.6,89.71,70,40,6.91
389,Ankang,CN,2022-07-14 06:28:59,32.68,109.0172,104.25,37,60,3.0
390,Cochrane,CA,2022-07-14 06:28:26,51.1834,-114.4687,60.04,64,40,1.39
391,Bayan,CN,2022-07-14 06:28:59,46.0833,127.4,72.59,81,100,11.3
392,Macklin,CA,2022-07-14 06:29:00,52.3334,-109.9348,59.34,87,68,6.71
393,Zabid,YE,2022-07-14 06:29:00,14.1951,43.3152,90.86,50,100,3.29
394,Kamenka,RU,2022-07-14 06:29:00,51.3223,42.7678,75.31,65,57,7.61
395,Luganville,VU,2022-07-14 06:29:00,-15.5333,167.1667,80.17,77,34,2.82
396,Sioux Lookout,CA,2022-07-14 06:24:12,50.1001,-91.917,53.67,100,0,2.3
397,Mosquera,CO,2022-07-14 06:29:01,4.7059,-74.2302,50.09,87,20,5.75
398,Yamoussoukro,CI,2022-07-14 06:29:01,6.8206,-5.2767,73.29,94,75,6.91
399,Harper,LR,2022-07-14 06:29:01,4.375,-7.7169,75.07,80,94,7.29
400,Kununurra,AU,2022-07-14 06:29:02,-15.7667,128.7333,78.78,14,8,13.8
401,Komsomolskiy,UZ,2022-07-14 06:29:02,40.4272,71.7189,88.52,23,0,6.91
402,Cidreira,BR,2022-07-14 06:29:02,-30.1811,-50.2056,56.73,87,10,19.93
403,Polgar,HU,2022-07-14 06:29:03,47.8667,21.1167,75.11,29,53,5.61
404,Kota Belud,MY,2022-07-14 06:29:03,6.351,116.4305,84.67,68,94,9.01
405,Charcas,MX,2022-07-14 06:29:03,23.1333,-101.1167,61.81,77,38,11.79
406,Narrabri,AU,2022-07-14 06:29:03,-30.3167,149.7833,58.51,58,13,1.99
407,Pochutla,MX,2022-07-14 06:29:04,15.7432,-96.4661,77.83,92,88,3.65
408,Parabel,RU,2022-07-14 06:29:04,58.6978,81.4825,67.24,45,100,4.16
409,Volchikha,RU,2022-07-14 06:29:04,52.0333,80.3833,69.08,43,96,1.88
410,Lubango,AO,2022-07-14 06:29:05,-14.9172,13.4925,50.02,55,0,5.61
411,Chimoio,MZ,2022-07-14 06:29:05,-19.1164,33.4833,60.66,94,75,2.86
412,Nkawkaw,GH,2022-07-14 06:29:05,6.5512,-0.7662,70.36,99,97,2.66
413,Taoudenni,ML,2022-07-14 06:29:05,22.6783,-3.9836,95.45,17,13,6.44
414,Tura,IN,2022-07-14 06:29:06,25.5198,90.2201,88.66,72,28,0.89
415,Mastic Beach,US,2022-07-14 06:30:06,40.7668,-72.8521,75.29,93,40,5.99
416,Ancud,CL,2022-07-14 06:30:06,-41.8697,-73.8203,41.23,92,99,8.43
417,Sorong,ID,2022-07-14 06:30:07,-0.8833,131.25,82.56,81,100,9.93
418,Micheweni,TZ,2022-07-14 06:30:07,-4.9667,39.8333,73.65,88,100,13.49
419,Venice,US,2022-07-14 06:25:29,27.0998,-82.4543,79.99,89,98,4.65
420,High Rock,BS,2022-07-14 06:30:07,26.6208,-78.2833,82.42,72,0,13.6
421,Tezu,IN,2022-07-14 06:30:08,27.9167,96.1667,99.18,46,4,2.84
422,Tanout,NE,2022-07-14 06:30:08,14.9709,8.8879,83.62,51,56,22.32
423,Baherden,TM,2022-07-14 06:30:08,38.4362,57.4316,99.28,13,0,9.28
424,Mezen,RU,2022-07-14 06:30:09,65.8522,44.24,82.15,45,100,11.65
425,Greenville,US,2022-07-14 06:25:18,35.6127,-77.3663,75.36,95,0,3.44
426,Santa Barbara,US,2022-07-14 06:25:12,34.7333,-120.0343,69.35,90,0,3.44
427,Inhambane,MZ,2022-07-14 06:30:09,-23.865,35.3833,70.41,57,0,6.24
428,Warangal,IN,2022-07-14 06:30:09,18.0,79.5833,75.61,85,100,17.94
429,Ewa Beach,US,2022-07-14 06:28:54,21.3156,-158.0072,78.75,72,20,11.5
430,Half Moon Bay,US,2022-07-14 06:30:10,37.4636,-122.4286,63.41,87,100,11.5
431,Chicama,PE,2022-07-14 06:30:10,-7.8447,-79.1469,59.54,89,61,5.26
432,San Carlos De Bariloche,AR,2022-07-14 06:26:51,-41.1456,-71.3082,29.95,93,100,4.61
433,Utete,TZ,2022-07-14 06:30:11,-7.986,38.758,74.88,71,100,3.0
434,Pyaozerskiy,RU,2022-07-14 06:30:11,65.8333,31.1667,66.88,63,100,6.26
435,Niquelandia,BR,2022-07-14 06:30:11,-14.4739,-48.4597,65.95,53,55,3.76
436,Nizhniy Kuranakh,RU,2022-07-14 06:30:12,58.8353,125.4869,78.64,54,88,3.11
437,Muisne,EC,2022-07-14 06:30:12,0.6,-80.0333,73.53,89,100,8.12
438,Lovozero,RU,2022-07-14 06:30:12,68.005,35.0117,69.06,78,100,7.52
439,Tambura,SS,2022-07-14 06:30:13,5.6,27.4667,72.28,88,88,3.94
440,Stephenville,US,2022-07-14 06:30:13,32.2207,-98.2023,83.16,48,1,6.06
441,Bosaso,SO,2022-07-14 06:30:13,11.2842,49.1816,98.58,26,0,19.57
442,Balkanabat,TM,2022-07-14 06:30:14,39.5108,54.3671,102.67,13,0,13.18
443,La Maddalena,IT,2022-07-14 06:30:14,41.2142,9.4083,77.16,53,0,0.6
444,Yamaga,JP,2022-07-14 06:30:14,33.0167,130.6833,86.18,84,100,8.43
445,Bayshore Gardens,US,2022-07-14 06:30:14,27.4253,-82.5904,82.98,77,0,4.61
446,Loviisa,FI,2022-07-14 06:30:15,60.4566,26.2251,59.29,88,100,14.94
447,La Palma,US,2022-07-14 06:30:15,33.8464,-118.0467,70.07,83,0,4.61
448,Warri,NG,2022-07-14 06:30:15,5.5167,5.75,74.68,93,100,2.86
449,Bowen,AU,2022-07-14 06:30:16,-20.0167,148.2333,62.73,50,0,2.86
450,Manokwari,ID,2022-07-14 06:30:16,-0.8667,134.0833,81.82,76,74,3.29
451,Bambous Virieux,MU,2022-07-14 06:27:33,-20.3428,57.7575,72.21,73,75,18.41
452,Alofi,NU,2022-07-14 06:30:16,-19.0595,-169.9187,75.09,78,100,5.75
453,Marsh Harbour,BS,2022-07-14 06:30:17,26.5412,-77.0636,82.92,75,21,11.74
454,Vitim,RU,2022-07-14 06:30:17,59.4511,112.5578,83.19,39,59,3.31
455,Quatre Cocos,MU,2022-07-14 06:30:17,-20.2078,57.7625,71.71,71,26,19.6
456,Prieska,ZA,2022-07-14 06:30:18,-29.6641,22.7474,51.13,27,0,3.42
457,Denpasar,ID,2022-07-14 06:30:18,-8.65,115.2167,83.86,74,20,17.27
458,Princeton,US,2022-07-14 06:28:58,25.5384,-80.4089,82.4,92,0,1.01
459,The Valley,AI,2022-07-14 06:29:26,18.217,-63.0578,81.1,73,58,19.53
460,Taltal,CL,2022-07-14 06:31:18,-25.4,-70.4833,53.85,85,99,3.29
461,Vorozhba,UA,2022-07-14 06:31:19,51.1733,34.2192,60.19,88,96,6.85
462,Itarema,BR,2022-07-14 06:31:19,-2.9248,-39.9167,77.88,80,7,14.65
463,Darnah,LY,2022-07-14 06:31:19,32.767,22.6367,77.88,55,7,15.3
464,Irbit,RU,2022-07-14 06:31:20,57.6705,63.071,83.86,47,0,4.76
465,Constitucion,CL,2022-07-14 06:31:20,-35.3333,-72.4167,40.98,90,100,4.16
466,Mitchell,US,2022-07-14 06:27:12,43.7094,-98.0298,73.38,71,0,11.5
467,Cozumel,MX,2022-07-14 06:31:20,20.5083,-86.9458,81.95,81,100,12.5
468,Lasem,ID,2022-07-14 06:31:20,-6.6922,111.4527,83.25,74,75,11.79
469,Mount Pleasant,US,2022-07-14 06:29:51,32.7941,-79.8626,81.99,90,0,7.0
470,Ponta Delgada,PT,2022-07-14 06:31:21,37.7333,-25.6667,68.5,82,20,9.22
471,Sao Filipe,CV,2022-07-14 06:31:21,14.8961,-24.4956,73.22,81,34,11.65
472,Malayal,PH,2022-07-14 06:31:21,7.208,121.942,84.0,76,76,7.87
473,Bulgan,MN,2022-07-14 06:31:22,48.8125,103.5347,70.9,54,79,14.03
474,Buraydah,SA,2022-07-14 06:31:22,26.326,43.975,97.25,9,17,7.67
475,Mareeba,AU,2022-07-14 06:31:22,-17.0,145.4333,70.45,38,81,5.23
476,Chapleau,CA,2022-07-14 06:31:23,47.8405,-83.4034,48.33,81,33,1.86
477,Aguada De Pasajeros,CU,2022-07-14 06:31:23,22.385,-80.8508,74.64,93,61,5.41
478,Fairbanks,US,2022-07-14 06:31:12,64.8378,-147.7164,65.23,65,75,6.91
479,Muroto,JP,2022-07-14 06:31:23,33.2833,134.15,78.01,85,23,13.15
480,Isla Mujeres,MX,2022-07-14 06:31:24,21.2311,-86.731,84.25,80,90,12.66
481,Mehamn,NO,2022-07-14 06:31:24,71.0357,27.8492,57.15,94,0,0.0
482,Pangai,TO,2022-07-14 06:31:24,-19.8,-174.35,78.24,80,3,16.58
483,Tikhvin,RU,2022-07-14 06:31:25,59.6451,33.5294,72.21,56,100,6.62
484,Biu,NG,2022-07-14 06:31:25,10.6129,12.1946,71.15,85,96,7.65
485,Xichang,CN,2022-07-14 06:31:25,27.8964,102.2634,89.2,45,9,3.53
486,San Juan Del Parana,PY,2022-07-14 06:31:26,-27.3,-55.9667,64.45,88,0,4.61
487,Verkhoyansk,RU,2022-07-14 06:31:26,67.5447,133.385,74.57,45,9,6.33
488,Mpanda,TZ,2022-07-14 06:31:26,-6.3655,31.0409,73.15,40,6,6.91
489,Kirovskiy,RU,2022-07-14 06:31:26,45.0917,133.5136,67.48,96,100,8.77
490,Kadaya,RU,2022-07-14 06:31:27,50.9327,119.2911,63.05,95,100,7.34
491,Hyeres,FR,2022-07-14 06:31:27,43.1167,6.1167,80.73,64,0,3.44
492,Kruisfontein,ZA,2022-07-14 06:31:27,-34.0033,24.7314,58.89,70,99,20.27
493,Blyth,GB,2022-07-14 06:31:28,55.1271,-1.5086,58.33,78,0,10.36
494,Sitniki,RU,2022-07-14 06:31:28,56.4553,44.0666,73.38,52,78,3.8
495,Fairview,US,2022-07-14 06:30:11,40.8126,-73.999,78.06,73,0,8.05
496,Ratanpur,IN,2022-07-14 06:31:28,22.3,82.1667,86.56,66,100,13.65
497,Yugorsk,RU,2022-07-14 06:31:29,61.3133,63.3319,86.09,36,10,5.44
498,Cervo,ES,2022-07-14 06:31:29,43.6702,-7.4101,70.45,78,100,7.29
499,Banikoara,BJ,2022-07-14 06:31:29,11.2985,2.4386,75.83,84,50,5.88
500,Bhinmal,IN,2022-07-14 06:31:29,25.0,72.25,95.41,47,100,6.98
501,Eyemouth,GB,2022-07-14 06:31:30,55.8713,-2.0901,56.23,71,75,12.77
502,Balaguer,ES,2022-07-14 06:31:30,41.7912,0.8109,78.48,43,1,3.29
503,Tabuk,PH,2022-07-14 06:31:30,17.4189,121.4443,88.95,68,35,0.89
504,Zhigansk,RU,2022-07-14 06:32:31,66.7697,123.3711,73.17,58,74,11.97
505,Palauig,PH,2022-07-14 06:32:31,15.435,119.9045,84.88,76,100,8.57
506,Cayenne,GF,2022-07-14 06:28:59,4.9333,-52.3333,75.24,1,100,2.3
507,Svetlaya,RU,2022-07-14 06:32:32,46.5389,138.3297,62.92,98,100,6.15
508,Jorochito,BO,2022-07-14 06:32:32,-18.05,-63.4333,68.99,80,16,8.23
509,Acapulco,MX,2022-07-14 06:30:22,16.8634,-99.8901,80.42,89,75,3.44
510,Swan Hill,AU,2022-07-14 06:32:32,-35.3378,143.5544,51.37,57,0,6.67
511,Bocaiuva,BR,2022-07-14 06:32:32,-17.1078,-43.815,58.78,81,63,5.7
512,Pangnirtung,CA,2022-07-14 06:32:33,66.1451,-65.7125,43.95,91,98,1.36
513,Ust-Nera,RU,2022-07-14 06:32:33,64.5667,143.2,74.7,53,43,3.83
514,Mitsamiouli,KM,2022-07-14 06:32:34,-11.3847,43.2844,82.69,61,20,10.36
515,Sola,VU,2022-07-14 06:32:34,-13.8833,167.55,81.27,78,20,0.0
516,Nador,MA,2022-07-14 06:32:34,35.174,-2.9287,73.65,88,20,4.61
517,Pangody,RU,2022-07-14 06:32:20,65.85,74.4859,61.39,51,100,10.04
518,Stornoway,GB,2022-07-14 06:32:35,58.2093,-6.3865,51.93,88,75,3.0
519,Inverell,AU,2022-07-14 06:32:35,-29.7833,151.1167,53.11,67,29,5.99
520,Talnakh,RU,2022-07-14 06:32:35,69.4865,88.3972,60.21,45,66,6.89
521,Tripoli,LY,2022-07-14 06:32:35,32.8752,13.1875,79.7,54,0,7.87
522,Krasnogvardeyets,RU,2022-07-14 06:32:36,52.6804,52.3635,81.21,57,100,10.92
523,Oga,IT,2022-07-14 06:32:36,46.4631,10.347,63.81,46,97,3.89
524,Bilibino,RU,2022-07-14 06:32:36,68.0546,166.4372,62.13,41,59,13.76
525,Belyy Yar,RU,2022-07-14 06:32:37,53.6039,91.3903,66.09,45,40,4.47
526,Ust-Maya,RU,2022-07-14 06:32:37,60.4167,134.5333,85.86,42,100,2.95
527,Saint-Pierre,RE,2022-07-14 06:32:37,-21.3393,55.4781,73.29,72,0,20.71
528,Hualmay,PE,2022-07-14 06:32:37,-11.0964,-77.6139,59.41,85,72,12.21
529,Quang Ngai,VN,2022-07-14 06:32:38,15.1167,108.8,89.22,66,100,8.81
530,Isiro,CD,2022-07-14 06:29:20,2.7739,27.616,66.9,94,100,0.54
531,Keshod,IN,2022-07-14 06:32:38,21.3,70.25,84.42,78,100,7.23
532,Hearst,CA,2022-07-14 06:32:02,49.6835,-83.6665,44.85,83,17,2.75
533,Adrar,MR,2022-07-14 06:32:38,20.5022,-10.0711,88.83,33,17,15.03
534,Xuanhua,CN,2022-07-14 06:32:39,40.6103,115.0447,90.64,24,26,5.91
535,Faranah,GN,2022-07-14 06:32:39,10.0404,-10.7434,69.08,97,100,6.08
536,Ibra,OM,2022-07-14 06:32:39,22.6906,58.5334,96.98,35,83,2.89
537,Port-Gentil,GA,2022-07-14 06:32:40,-0.7193,8.7815,73.36,88,75,5.75
538,Burns Lake,CA,2022-07-14 06:32:40,54.2331,-125.7533,51.22,88,100,1.97
539,Sungai Udang,MY,2022-07-14 06:32:40,2.269,102.1427,87.67,70,40,4.61
540,Dunedin,NZ,2022-07-14 06:30:26,-45.8742,170.5036,45.81,78,73,10.0
541,Necochea,AR,2022-07-14 06:32:41,-38.5473,-58.7368,46.35,69,100,8.41
542,Sulphur,US,2022-07-14 06:32:41,30.2366,-93.3774,84.18,80,100,17.27
543,Ucluelet,CA,2022-07-14 06:30:12,48.9329,-125.5528,55.09,86,100,6.6
544,Nelson Bay,AU,2022-07-14 06:32:41,-32.7167,152.15,59.11,78,100,15.01
545,Seoul,KR,2022-07-14 06:32:42,37.5683,126.9778,87.37,66,40,9.22
546,Les Cayes,HT,2022-07-14 06:32:42,18.2,-73.75,77.04,86,0,4.03
547,Mgandu,TZ,2022-07-14 06:32:42,-5.95,34.1333,67.53,47,90,10.63
548,Yershov,RU,2022-07-14 06:32:43,51.3513,48.2766,85.32,41,100,6.51
549,Chambas,CU,2022-07-14 06:32:43,22.1928,-78.9136,73.11,95,0,3.58
550,Phalombe,MW,2022-07-14 06:32:43,-15.8064,35.6507,66.4,61,88,0.6
551,Bandarbeyla,SO,2022-07-14 06:33:43,9.4942,50.8122,89.4,45,31,32.57
552,Te Anau,NZ,2022-07-14 06:33:44,-45.4167,167.7167,38.17,96,81,3.87
553,Jiangyou,CN,2022-07-14 06:33:44,31.7667,104.7167,88.68,72,79,5.35
554,Suarez,CO,2022-07-14 06:33:44,2.954,-76.6964,64.67,96,100,1.14
555,San Jeronimo,PE,2022-07-14 06:33:45,-11.9472,-75.2829,42.62,88,7,0.54
556,Qasigiannguit,GL,2022-07-14 06:33:45,68.8193,-51.1922,41.25,89,65,2.26
557,Natchitoches,US,2022-07-14 06:33:45,31.7668,-93.1335,72.45,94,40,5.75
558,Comodoro Rivadavia,AR,2022-07-14 06:33:45,-45.8667,-67.5,30.06,86,20,2.3
559,Orotukan,RU,2022-07-14 06:33:46,62.2667,151.7,71.29,59,28,15.55
560,Port Hedland,AU,2022-07-14 06:33:21,-20.3167,118.5667,75.25,46,100,13.8
561,Luderitz,NA,2022-07-14 06:33:46,-26.6481,15.1594,57.24,44,0,13.47
562,Tautira,PF,2022-07-14 06:33:46,-17.7333,-149.15,76.84,74,9,20.45
563,Zamora,EC,2022-07-14 06:33:47,-4.0692,-78.9567,63.77,99,48,2.57
564,Batetskiy,RU,2022-07-14 06:33:47,58.6461,30.3027,66.04,62,32,7.65
565,Olmos,PE,2022-07-14 06:33:47,-5.9847,-79.7453,59.22,93,94,0.98
